{
  "tokenization_method": "bpe",
  "model_name": "xlm-roberta-base",
  "train_results": {
    "train_runtime": 1370.5118,
    "train_samples_per_second": 204.303,
    "train_steps_per_second": 3.196,
    "total_flos": 1.1785106577358848e+16,
    "train_loss": 1.5232496578352792,
    "epoch": 12.785388127853881
  },
  "test_results": {
    "eval_loss": 1.8450491428375244,
    "eval_accuracy": 0.6163333333333333,
    "eval_f1": 0.6148968732093968,
    "eval_precision": 0.6307360588287279,
    "eval_recall": 0.6163333333333333,
    "eval_top_5_accuracy": 0.8006666666666666,
    "eval_runtime": 4.7533,
    "eval_samples_per_second": 631.138,
    "eval_steps_per_second": 19.776,
    "epoch": 12.785388127853881
  },
  "num_authors": 100,
  "training_samples": 14000,
  "validation_samples": 3000,
  "test_samples": 3000
}