{
  "error_rate": 0.38366666666666666,
  "total_errors": 1151,
  "most_confused_pairs": [
    [
      8,
      0,
      21
    ],
    [
      3,
      0,
      20
    ],
    [
      1,
      0,
      19
    ],
    [
      11,
      0,
      19
    ],
    [
      19,
      0,
      19
    ],
    [
      14,
      0,
      18
    ],
    [
      20,
      0,
      18
    ],
    [
      4,
      0,
      17
    ],
    [
      7,
      0,
      17
    ],
    [
      2,
      0,
      16
    ]
  ],
  "per_author_accuracy": {
    "35": 0.16666666666666666,
    "99": 1.0,
    "48": 0.8,
    "63": 1.0,
    "96": 0.7333333333333333,
    "38": 0.9333333333333333,
    "7": 0.26666666666666666,
    "92": 1.0,
    "84": 0.8333333333333334,
    "0": 0.8666666666666667,
    "83": 0.9333333333333333,
    "31": 0.5333333333333333,
    "51": 0.43333333333333335,
    "24": 0.4,
    "78": 1.0,
    "18": 1.0,
    "61": 0.4666666666666667,
    "79": 0.5666666666666667,
    "17": 1.0,
    "71": 0.4666666666666667,
    "88": 0.7666666666666667,
    "94": 0.8666666666666667,
    "68": 0.9666666666666667,
    "10": 0.8666666666666667,
    "19": 0.6,
    "52": 0.5666666666666667,
    "74": 0.5333333333333333,
    "13": 0.26666666666666666,
    "28": 0.23333333333333334,
    "30": 0.6,
    "11": 0.6333333333333333,
    "65": 0.43333333333333335,
    "6": 0.8666666666666667,
    "26": 0.43333333333333335,
    "59": 1.0,
    "93": 0.9666666666666667,
    "21": 1.0,
    "46": 0.26666666666666666,
    "43": 0.3333333333333333,
    "85": 1.0,
    "2": 1.0,
    "42": 0.6666666666666666,
    "47": 0.8666666666666667,
    "3": 0.4,
    "69": 0.6,
    "34": 0.6333333333333333,
    "87": 1.0,
    "57": 1.0,
    "15": 0.3,
    "66": 0.5333333333333333,
    "70": 0.8,
    "8": 0.3333333333333333,
    "82": 0.4,
    "14": 0.3,
    "58": 0.23333333333333334,
    "60": 0.36666666666666664,
    "9": 0.8,
    "36": 0.5333333333333333,
    "5": 0.3,
    "77": 0.6,
    "89": 0.7666666666666667,
    "53": 0.7333333333333333,
    "29": 0.13333333333333333,
    "56": 0.3333333333333333,
    "81": 0.8333333333333334,
    "67": 0.26666666666666666,
    "76": 0.3333333333333333,
    "49": 0.3333333333333333,
    "64": 0.3333333333333333,
    "86": 0.26666666666666666,
    "37": 0.2,
    "50": 0.5666666666666667,
    "97": 1.0,
    "12": 0.6,
    "72": 0.4666666666666667,
    "32": 0.6333333333333333,
    "23": 0.5666666666666667,
    "95": 0.7,
    "55": 0.3333333333333333,
    "44": 0.23333333333333334,
    "80": 0.6,
    "98": 0.8333333333333334,
    "73": 0.7333333333333333,
    "45": 0.5333333333333333,
    "33": 0.9333333333333333,
    "1": 0.3333333333333333,
    "54": 0.43333333333333335,
    "75": 0.3,
    "25": 0.7333333333333333,
    "20": 0.6,
    "62": 0.9666666666666667,
    "39": 1.0,
    "16": 0.5,
    "41": 0.6,
    "4": 0.43333333333333335,
    "40": 0.36666666666666664,
    "91": 0.9,
    "27": 0.6,
    "90": 0.9333333333333333,
    "22": 0.4
  }
}