Method,Model,Test Accuracy,Test F1,Test Precision,Test Recall,Test Top-5 Accuracy,Train Samples,Test Samples,Num Authors,Error Rate
BPE,xlm-roberta-base,0.6163333333333333,0.6148968732093968,0.6307360588287279,0.6163333333333333,0.8006666666666666,14000,3000,100,0.38366666666666666
WORDPIECE,bert-base-multilingual-cased,0.5893333333333334,0.5920670427710237,0.6081853165223922,0.5893333333333334,0.7766666666666666,14000,3000,100,0.4106666666666667
SENTENCEPIECE,xlm-roberta-large,0.6333333333333333,0.6345144632418024,0.663163906197452,0.6333333333333333,0.8263333333333334,14000,3000,100,0.36666666666666664
